<lfm status="ok">
<album>
<name>El Dorado</name>
<artist>Shakira</artist>
<url>https://www.last.fm/music/Shakira/El+Dorado</url>
<image size="small">https://lastfm.freetls.fastly.net/i/u/34s/840530a7e450300f17a656ef1e9e4524.png</image>
<image size="medium">https://lastfm.freetls.fastly.net/i/u/64s/840530a7e450300f17a656ef1e9e4524.png</image>
<image size="large">https://lastfm.freetls.fastly.net/i/u/174s/840530a7e450300f17a656ef1e9e4524.png</image>
<image size="extralarge">https://lastfm.freetls.fastly.net/i/u/300x300/840530a7e450300f17a656ef1e9e4524.png</image>
<image size="mega">https://lastfm.freetls.fastly.net/i/u/300x300/840530a7e450300f17a656ef1e9e4524.png</image>
<image size="">https://lastfm.freetls.fastly.net/i/u/300x300/840530a7e450300f17a656ef1e9e4524.png</image>
<listeners>169774</listeners>
<playcount>2841803</playcount>
<tracks>
<track rank="1">
<name>Me Enamoré</name>
<url>https://www.last.fm/music/Shakira/_/Me+Enamor%C3%A9</url>
<duration>225</duration>
<streamable fulltrack="0">0</streamable>
<artist>
<name>Shakira</name>
<mbid>bf24ca37-25f4-4e34-9aec-460b94364cfc</mbid>
<url>https://www.last.fm/music/Shakira</url>
</artist>
</track>
<track rank="2">
<name>Nada</name>
<url>https://www.last.fm/music/Shakira/_/Nada</url>
<duration>190</duration>
<streamable fulltrack="0">0</streamable>
<artist>
<name>Shakira</name>
<mbid>bf24ca37-25f4-4e34-9aec-460b94364cfc</mbid>
<url>https://www.last.fm/music/Shakira</url>
</artist>
</track>
<track rank="3">
<name>Chantaje</name>
<url>https://www.last.fm/music/Shakira/_/Chantaje</url>
<duration>195</duration>
<streamable fulltrack="0">0</streamable>
<artist>
<name>Shakira</name>
<mbid>bf24ca37-25f4-4e34-9aec-460b94364cfc</mbid>
<url>https://www.last.fm/music/Shakira</url>
</artist>
</track>
<track rank="4">
<name>When a Woman</name>
<url>https://www.last.fm/music/Shakira/_/When+a+Woman</url>
<duration>198</duration>
<streamable fulltrack="0">0</streamable>
<artist>
<name>Shakira</name>
<mbid>bf24ca37-25f4-4e34-9aec-460b94364cfc</mbid>
<url>https://www.last.fm/music/Shakira</url>
</artist>
</track>
<track rank="5">
<name>Amarillo</name>
<url>https://www.last.fm/music/Shakira/_/Amarillo</url>
<duration>220</duration>
<streamable fulltrack="0">0</streamable>
<artist>
<name>Shakira</name>
<mbid>bf24ca37-25f4-4e34-9aec-460b94364cfc</mbid>
<url>https://www.last.fm/music/Shakira</url>
</artist>
</track>
<track rank="6">
<name>Perro Fiel</name>
<url>https://www.last.fm/music/Shakira/_/Perro+Fiel</url>
<duration>196</duration>
<streamable fulltrack="0">0</streamable>
<artist>
<name>Shakira</name>
<mbid>bf24ca37-25f4-4e34-9aec-460b94364cfc</mbid>
<url>https://www.last.fm/music/Shakira</url>
</artist>
</track>
<track rank="7">
<name>Trap</name>
<url>https://www.last.fm/musiCDc/Shakira/_/Trap</url>
<duration>200</duration>
<streamable fulltrack="0">0</streamable>
<artist>
<name>Shakira</name>
<mbid>bf24ca37-25f4-4e34-9aec-460b94364cfc</mbid>
<url>https://www.last.fm/music/Shakira</url>
</artist>
</track>
<track rank="8">
<name>Comme Moi</name>
<url>https://www.last.fm/music/Shakira/_/Comme+Moi</url>
<duration>189</duration>
<streamable fulltrack="0">0</streamable>
<artist>
<name>Shakira</name>
<mbid>bf24ca37-25f4-4e34-9aec-460b94364cfc</mbid>
<url>https://www.last.fm/music/Shakira</url>
</artist>
</track>
<track rank="9">
<name>Coconut Tree</name>
<url>https://www.last.fm/music/Shakira/_/Coconut+Tree</url>
<duration>230</duration>
<streamable fulltrack="0">0</streamable>
<artist>
<name>Shakira</name>
<mbid>bf24ca37-25f4-4e34-9aec-460b94364cfc</mbid>
<url>https://www.last.fm/music/Shakira</url>
</artist>
</track>
<track rank="10">
<name>La Bicicleta</name>
<url>https://www.last.fm/music/Shakira/_/La+Bicicleta</url>
<duration>229</duration>
<streamable fulltrack="0">0</streamable>
<artist>
<name>Shakira</name>
<mbid>bf24ca37-25f4-4e34-9aec-460b94364cfc</mbid>
<url>https://www.last.fm/music/Shakira</url>
</artist>
</track>
<track rank="11">
<name>Deja Vu</name>
<url>https://www.last.fm/music/Shakira/_/Deja+Vu</url>
<duration>196</duration>
<streamable fulltrack="0">0</streamable>
<artist>
<name>Shakira</name>
<mbid>bf24ca37-25f4-4e34-9aec-460b94364cfc</mbid>
<url>https://www.last.fm/music/Shakira</url>
</artist>
</track>
<track rank="12">
<name>What We Said (Comme moi English Version)</name>
<url>https://www.last.fm/music/Shakira/_/What+We+Said+(Comme+moi+English+Version)</url>
<duration>180</duration>
<streamable fulltrack="0">0</streamable>
<artist>
<name>Shakira</name>
<mbid>bf24ca37-25f4-4e34-9aec-460b94364cfc</mbid>
<url>https://www.last.fm/music/Shakira</url>
</artist>
</track>
<track rank="13">
<name>Toneladas</name>
<url>https://www.last.fm/music/Shakira/_/Toneladas</url>
<duration>189</duration>
<streamable fulltrack="0">0</streamable>
<artist>
<name>Shakira</name>
<mbid>bf24ca37-25f4-4e34-9aec-460b94364cfc</mbid>
<url>https://www.last.fm/music/Shakira</url>
</artist>
</track>
</tracks>
<tags>
<tag>
<name>2017</name>
<url>https://www.last.fm/tag/2017</url>
</tag>
<tag>
<name>awful</name>
<url>https://www.last.fm/tag/awful</url>
</tag>
<tag>
<name>pop</name>
<url>https://www.last.fm/tag/pop</url>
</tag>
<tag>
<name>Reggaeton</name>
<url>https://www.last.fm/tag/Reggaeton</url>
</tag>
<tag>
<name>Crap</name>
<url>https://www.last.fm/tag/Crap</url>
</tag>
</tags>
<wiki>
<published>21 May 2018, 19:13</published>
<summary>El Dorado (English: The Golden One) is the eleventh studio album by Colombian singer Shakira, released on 26 May 2017. Shakira worked with longtime collaborator Luis Fernando Ochoa and producers Supa Dups, Rude Boyz and The Arcade; the album is mainly sung in Spanish, with three songs in English. The album has a mixture of different rhytms, as latin pop, reggaeton, bachata and vallenato and features six vocal collaborations: two with Colombian singer Maluma, and one each with Nicky Jam, Carlos Vives, Prince Royce, Black M, and Magic!. <a href="http://www.last.fm/music/Shakira/El+Dorado">Read more on Last.fm</a>.</summary>
<content>El Dorado (English: The Golden One) is the eleventh studio album by Colombian singer Shakira, released on 26 May 2017. Shakira worked with longtime collaborator Luis Fernando Ochoa and producers Supa Dups, Rude Boyz and The Arcade; the album is mainly sung in Spanish, with three songs in English. The album has a mixture of different rhytms, as latin pop, reggaeton, bachata and vallenato and features six vocal collaborations: two with Colombian singer Maluma, and one each with Nicky Jam, Carlos Vives, Prince Royce, Black M, and Magic!. Most of its songs are inspired by Shakira’s personal life and relationship with her boyfriend, spanish soccer player, Gerard Piqué. The album peaked at number one on the US Top Latin Albums and number fifteen on the Billboard 200 chart and it’s been certified four times platinum by the Recording Industry Association of America (RIAA). The album won the Grammy Award for Best Latin Pop Album, making it Shakira’s third Grammy win. <a href="http://www.last.fm/music/Shakira/El+Dorado">Read more on Last.fm</a>. User-contributed text is available under the Creative Commons By-SA License; additional terms may apply.</content>
</wiki>
</album>
</lfm>
