<lfm status="ok">
<toptags artist="Shakira" album="Shakira. (Deluxe Version)">
<tag>
<count>100</count>
<name>albums I own</name>
<url>https://www.last.fm/tag/albums+I+own</url>
</tag>
<tag>
<count>75</count>
<name>pop</name>
<url>https://www.last.fm/tag/pop</url>
</tag>
<tag>
<count>25</count>
<name>rock</name>
<url>https://www.last.fm/tag/rock</url>
</tag>
<tag>
<count>25</count>
<name>country</name>
<url>https://www.last.fm/tag/country</url>
</tag>
<tag>
<count>25</count>
<name>reggae</name>
<url>https://www.last.fm/tag/reggae</url>
</tag>
<tag>
<count>25</count>
<name>folk</name>
<url>https://www.last.fm/tag/folk</url>
</tag>
<tag>
<count>25</count>
<name>electro</name>
<url>https://www.last.fm/tag/electro</url>
</tag>
<tag>
<count>25</count>
<name>hot</name>
<url>https://www.last.fm/tag/hot</url>
</tag>
<tag>
<count>25</count>
<name>eletronic</name>
<url>https://www.last.fm/tag/eletronic</url>
</tag>
<tag>
<count>25</count>
<name>2014</name>
<url>https://www.last.fm/tag/2014</url>
</tag>
<tag>
<count>25</count>
<name>Megadeth</name>
<url>https://www.last.fm/tag/Megadeth</url>
</tag>
<tag>
<count>25</count>
<name>King</name>
<url>https://www.last.fm/tag/King</url>
</tag>
<tag>
<count>25</count>
<name>Nakoruru</name>
<url>https://www.last.fm/tag/Nakoruru</url>
</tag>
<tag>
<count>25</count>
<name>haohmaru</name>
<url>https://www.last.fm/tag/haohmaru</url>
</tag>
<tag>
<count>25</count>
<name>jubei yagyu</name>
<url>https://www.last.fm/tag/jubei+yagyu</url>
</tag>
<tag>
<count>25</count>
<name>Countrymusic</name>
<url>https://www.last.fm/tag/Countrymusic</url>
</tag>
<tag>
<count>25</count>
<name>albums i heard</name>
<url>https://www.last.fm/tag/albums+i++heard</url>
</tag>
<tag>
<count>25</count>
<name>pisou na anitta</name>
<url>https://www.last.fm/tag/pisou+na+anitta</url>
</tag>
</toptags>
</lfm>
