<!-- Resultat de la consulta en format XML ( per defecte) a lastfm:
http://ws.audioscrobbler.com/2.0/?method=user.getartisttracks&user=rj&artist=metallica&api_key=b6720a4ef50c0a1f63419e334fbf9c74&limit=5
cerca els tracks de l’artist Metallica, que ha escoltat l’usuari rj, limitat a 5 valors i torna la resposta en format XML-->
<lfm status="ok">
  <artisttracks user="RJ" artist="metallica" page="1" perPage="5" totalPages="0" total="0">
    <track>
      <artist mbid="65f4f0c5-ef9e-490c-aee3-909e7ae6b2ab">Metallica</artist>
      <name>Halo On Fire</name>
      <streamable>0</streamable>
      <mbid/>
      <album mbid="">Hardwired…To Self-Destruct (Deluxe)</album>
      <url>https://www.last.fm/music/Metallica/_/Halo+On+Fire</url>
      <image size="small">https://lastfm-img2.akamaized.net/i/u/34s/a26f4d91949b80b56d4719d0644fde54.png</image>
      <image size="medium">https://lastfm-img2.akamaized.net/i/u/64s/a26f4d91949b80b56d4719d0644fde54.png</image>
      <image size="large">https://lastfm-img2.akamaized.net/i/u/174s/a26f4d91949b80b56d4719d0644fde54.png</image>
      <image size="extralarge">https://lastfm-img2.akamaized.net/i/u/300x300/a26f4d91949b80b56d4719d0644fde54.png</image>
      <date uts="1502211937">08 Aug 2017, 17:05</date>
    </track>
    <track>
      <artist mbid="65f4f0c5-ef9e-490c-aee3-909e7ae6b2ab">Metallica</artist>
      <name>Dream No More</name>
      <streamable>0</streamable>
      <mbid/>
      <album mbid="">Hardwired…To Self-Destruct (Deluxe)</album>
      <url>https://www.last.fm/music/Metallica/_/Dream+No+More</url>
      <image size="small">https://lastfm-img2.akamaized.net/i/u/34s/a26f4d91949b80b56d4719d0644fde54.png</image>
      <image size="medium">https://lastfm-img2.akamaized.net/i/u/64s/a26f4d91949b80b56d4719d0644fde54.png</image>
      <image size="large">https://lastfm-img2.akamaized.net/i/u/174s/a26f4d91949b80b56d4719d0644fde54.png</image>
      <image size="extralarge">https://lastfm-img2.akamaized.net/i/u/300x300/a26f4d91949b80b56d4719d0644fde54.png</image>
      <date uts="1502211548">08 Aug 2017, 16:59</date>
    </track>
    <track>
      <artist mbid="65f4f0c5-ef9e-490c-aee3-909e7ae6b2ab">Metallica</artist>
      <name>Moth Into Flame</name>
      <streamable>0</streamable>
      <mbid/>
      <album mbid="">Hardwired…To Self-Destruct (Deluxe)</album>
      <url>https://www.last.fm/music/Metallica/_/Moth+Into+Flame</url>
      <image size="small">https://lastfm-img2.akamaized.net/i/u/34s/a26f4d91949b80b56d4719d0644fde54.png</image>
      <image size="medium">https://lastfm-img2.akamaized.net/i/u/64s/a26f4d91949b80b56d4719d0644fde54.png</image>
      <image size="large">https://lastfm-img2.akamaized.net/i/u/174s/a26f4d91949b80b56d4719d0644fde54.png</image>
      <image size="extralarge">https://lastfm-img2.akamaized.net/i/u/300x300/a26f4d91949b80b56d4719d0644fde54.png</image>
      <date uts="1502211197">08 Aug 2017, 16:53</date>
    </track>
    <track>
      <artist mbid="65f4f0c5-ef9e-490c-aee3-909e7ae6b2ab">Metallica</artist>
      <name>Now That We’re Dead</name>
      <streamable>0</streamable>
      <mbid/>
      <album mbid="">Hardwired…To Self-Destruct (Deluxe)</album>
      <url>https://www.last.fm/music/Metallica/_/Now+That+We%E2%80%99re+Dead</url>
      <image size="small">https://lastfm-img2.akamaized.net/i/u/34s/a26f4d91949b80b56d4719d0644fde54.png</image>
      <image size="medium">https://lastfm-img2.akamaized.net/i/u/64s/a26f4d91949b80b56d4719d0644fde54.png</image>
      <image size="large">https://lastfm-img2.akamaized.net/i/u/174s/a26f4d91949b80b56d4719d0644fde54.png</image>
      <image size="extralarge">https://lastfm-img2.akamaized.net/i/u/300x300/a26f4d91949b80b56d4719d0644fde54.png</image>
      <date uts="1502210778">08 Aug 2017, 16:46</date>
    </track>
    <track>
      <artist mbid="65f4f0c5-ef9e-490c-aee3-909e7ae6b2ab">Metallica</artist>
      <name>Atlas, Rise!</name>
      <streamable>0</streamable>
      <mbid/>
      <album mbid="">Hardwired…To Self-Destruct (Deluxe)</album>
      <url>https://www.last.fm/music/Metallica/_/Atlas,+Rise%21</url>
      <image size="small">https://lastfm-img2.akamaized.net/i/u/34s/a26f4d91949b80b56d4719d0644fde54.png</image>
      <image size="medium">https://lastfm-img2.akamaized.net/i/u/64s/a26f4d91949b80b56d4719d0644fde54.png</image>
      <image size="large">https://lastfm-img2.akamaized.net/i/u/174s/a26f4d91949b80b56d4719d0644fde54.png</image>
      <image size="extralarge">https://lastfm-img2.akamaized.net/i/u/300x300/a26f4d91949b80b56d4719d0644fde54.png</image>
      <date uts="1502210389">08 Aug 2017, 16:39</date>
    </track>
  </artisttracks>
</lfm>
